<?xml version="1.0" encoding="UTF-8"?>
<metadata xml:lang="en"><Esri><CreaDate>20250228</CreaDate><CreaTime>02402900</CreaTime><ArcGISFormat>1.0</ArcGISFormat><SyncOnce>TRUE</SyncOnce><scaleRange><minScale>150000000</minScale><maxScale>5000</maxScale></scaleRange><ArcGISProfile>ItemDescription</ArcGISProfile><DataProperties><itemProps/></DataProperties></Esri><dataIdInfo><idPurp>This dataset contains occurrences related to Bicycle Thefts since 2014. </idPurp><idAbs>&lt;DIV STYLE="text-align:Left;"&gt;&lt;P STYLE="font-size:16ptmargin:0 0 7 0;"&gt;&lt;SPAN&gt;&lt;SPAN&gt;This dataset contains occurrences related to Bicycle Thefts since 2014. These occurrences are related to a variety of offences where the theft of a bicycle was included.  &lt;/SPAN&gt;&lt;/SPAN&gt;&lt;/P&gt;&lt;P STYLE="font-size:16ptmargin:0 0 7 0;"&gt;&lt;A href="https://data.torontopolice.on.ca/pages/c78364ab031747359fa8afb78febdd3d" STYLE="text-decoration:underline;"&gt;&lt;SPAN STYLE="text-decoration:underline;"&gt;&lt;SPAN&gt;Bicycle Thefts Dashboard&lt;/SPAN&gt;&lt;/SPAN&gt;&lt;/A&gt;&lt;/P&gt;&lt;P STYLE="font-size:16ptmargin:0 0 7 0;"&gt;&lt;A href="https://torontops.maps.arcgis.com/sharing/rest/content/items/332f6e958b704d9aa023e7c3487f710f/data" STYLE="text-decoration:underline;"&gt;&lt;SPAN STYLE="text-decoration:underline;"&gt;&lt;SPAN&gt;Download Bicycle Theft Code Sheet&lt;/SPAN&gt;&lt;/SPAN&gt;&lt;/A&gt;&lt;/P&gt;&lt;P STYLE="font-size:16ptmargin:0 0 7 0;"&gt;&lt;A href="https://torontops.maps.arcgis.com/sharing/rest/content/items/c0b17f1888544078bf650f3b8b04d35d/data" STYLE="text-decoration:underline;"&gt;&lt;SPAN STYLE="text-decoration:underline;"&gt;&lt;SPAN&gt;Download Documentation&lt;/SPAN&gt;&lt;/SPAN&gt;&lt;/A&gt;&lt;/P&gt;&lt;P STYLE="margin:0 0 7 0;"&gt;&lt;SPAN&gt;&lt;SPAN&gt;The downloadable datasets display the REPORT_DATE and OCC_DATE fields in UTC timezone.&lt;/SPAN&gt;&lt;/SPAN&gt;&lt;/P&gt;&lt;P STYLE="margin:0 0 7 0;"&gt;&lt;SPAN&gt;&lt;SPAN&gt;This data does not include occurrences that have been deemed unfounded. The definition of unfounded according to Statistics Canada is: “It has been determined through police investigation that the offence reported did not occur, nor was it attempted” (Statistics Canada, 2020).**&lt;/SPAN&gt;&lt;/SPAN&gt;&lt;/P&gt;&lt;P STYLE="margin:0 0 7 0;"&gt;&lt;SPAN&gt;&lt;SPAN&gt;The dataset is intended to provide communities with information regarding public safety and awareness. The data supplied to the Toronto Police Service by the reporting parties is preliminary and may not have been fully verified at the time of publishing the dataset.&lt;/SPAN&gt;&lt;/SPAN&gt;&lt;/P&gt;&lt;P STYLE="margin:0 0 7 0;"&gt;&lt;SPAN&gt;&lt;SPAN&gt;The location of crime occurrences have been deliberately offset to the nearest road intersection node to protect the privacy of parties involved in the occurrence. All location data must be considered as an approximate location of the occurrence and users are advised not to interpret any of these locations as related to a specific address or individual.&lt;/SPAN&gt;&lt;/SPAN&gt;&lt;/P&gt;&lt;P STYLE="margin:0 0 7 0;"&gt;&lt;SPAN STYLE="font-weight:bold;"&gt;&lt;SPAN&gt;NOTE: Due to the offset of occurrence location, the numbers by Division and Neighbourhood may not reflect the exact count of occurrences reported within these geographies. Therefore, the Toronto Police Service does not guarantee the accuracy, completeness, timeliness of the data and it should not be compared to any other source of crime data.&lt;/SPAN&gt;&lt;/SPAN&gt;&lt;/P&gt;&lt;P STYLE="margin:0 0 7 0;"&gt;&lt;SPAN&gt;&lt;SPAN&gt;By accessing these datasets, the user agrees to full acknowledgement of the &lt;/SPAN&gt;&lt;/SPAN&gt;&lt;A href="https://www.ontario.ca/page/open-government-licence-ontario" STYLE="text-decoration:underline;"&gt;&lt;SPAN STYLE="text-decoration:underline;"&gt;&lt;SPAN&gt;Open Government Licence - Ontario.&lt;/SPAN&gt;&lt;/SPAN&gt;&lt;/A&gt;&lt;/P&gt;&lt;P STYLE="margin:0 0 7 0;"&gt;&lt;SPAN STYLE="text-decoration:underline;"&gt;&lt;SPAN&gt;In accordance with the &lt;/SPAN&gt;&lt;/SPAN&gt;&lt;SPAN STYLE="font-style:italic;text-decoration:underline;"&gt;&lt;SPAN&gt;Municipal Freedom of Information and Protection of Privacy Act&lt;/SPAN&gt;&lt;/SPAN&gt;&lt;SPAN STYLE="font-style:italic;"&gt;&lt;SPAN&gt;,&lt;/SPAN&gt;&lt;/SPAN&gt;&lt;SPAN&gt;&lt;SPAN&gt; the Toronto Police Service has taken the necessary measures to protect the privacy of individuals involved in the reported occurrences. No personal information related to any of the parties involved in the occurrence will be released as open data.&lt;/SPAN&gt;&lt;/SPAN&gt;&lt;/P&gt;&lt;P STYLE="margin:0 0 7 0;"&gt;&lt;SPAN&gt;&lt;SPAN&gt;** Statistics Canada. 2020. &lt;/SPAN&gt;&lt;/SPAN&gt;&lt;SPAN STYLE="font-style:italic;"&gt;&lt;SPAN&gt;Uniform Crime Reporting Manual. &lt;/SPAN&gt;&lt;/SPAN&gt;&lt;SPAN&gt;&lt;SPAN&gt;Surveys and Statistical Programs. Canadian Centre for Justice Statistics.&lt;/SPAN&gt;&lt;/SPAN&gt;&lt;/P&gt;&lt;/DIV&gt;</idAbs><idCitation><resTitle>Bike Thefts Open Data</resTitle></idCitation><searchKeys><keyword>Bike</keyword><keyword>Bicycle</keyword><keyword>Thefts</keyword><keyword>Crime</keyword><keyword>Toronto</keyword><keyword>TPS</keyword><keyword>Toronto Police</keyword></searchKeys></dataIdInfo><mdHrLv><ScopeCd value="005"/></mdHrLv><mdDateSt Sync="TRUE">20250108</mdDateSt></metadata>
